{"batch_size": 8, "learning_rate": 0.0006408205522159132, "dropout_rate": 0.21851557687009554}